silhouette_score,davies_bouldin_index,calinski_harabasz_score,n_clusters
0.12929016808043273,3.1353112102613214,886.4276196807909,4
