silhouette_score,davies_bouldin_index,calinski_harabasz_score,n_clusters
0.0826808526134279,3.7708698189652488,2193.5570650216737,6
